Inflow,Outflow,Balance
1251007.9180000005,557375.2400000001,693632.6780000004
